{"cameraMode":{"drawMode":0,"name":"Shaded","section":"Shading Mode"},"sceneLighting":true,"audioPlay":false,"sceneViewState":{"m_AlwaysRefresh":false,"showFog":true,"showSkybox":true,"showFlares":true,"showImageEffects":true,"showParticleSystems":true,"showVisualEffectGraphs":true,"m_FxEnabled":true},"in2DMode":false,"pivot":{"x":-0.1660626232624054,"y":1.1356306076049805,"z":1.8660438060760499},"rotation":{"x":0.023381566628813745,"y":-0.035982053726911548,"z":0.0008411607705056667,"w":0.9990846514701843},"size":4.103781700134277,"orthographic":true}