{"cameraMode":{"drawMode":0,"name":"Shaded","section":"Shading Mode"},"sceneLighting":false,"audioPlay":false,"sceneViewState":{"m_AlwaysRefresh":false,"showFog":true,"showSkybox":false,"showFlares":true,"showImageEffects":true,"showParticleSystems":true,"showVisualEffectGraphs":true,"m_FxEnabled":true},"in2DMode":false,"pivot":{"x":-0.6597466468811035,"y":0.6848716735839844,"z":8.432991981506348},"rotation":{"x":-0.0024763464462012054,"y":-0.9900060892105103,"z":0.1399150937795639,"w":-0.01752936653792858},"size":0.8495680093765259,"orthographic":false}