{"cameraMode":{"drawMode":0,"name":"Shaded","section":"Shading Mode"},"sceneLighting":true,"audioPlay":false,"sceneViewState":{"m_AlwaysRefresh":false,"showFog":true,"showSkybox":true,"showFlares":true,"showImageEffects":true,"showParticleSystems":true,"showVisualEffectGraphs":true,"m_FxEnabled":true},"in2DMode":false,"pivot":{"x":6.224958419799805,"y":0.15999889373779298,"z":-3.721713066101074},"rotation":{"x":-0.1862553209066391,"y":0.18504314124584199,"z":-0.035742826759815219,"w":-0.9642571210861206},"size":7.071071624755859,"orthographic":false}